AuthorName,AuthorID,LabID
Wenyuan Chen,1,1
Guangyong Li,2,2
Mingwei Li,3,3
Wenxue Wang,4,4
Peng Li,5,3
Xiujuan Xue,6,5
Xingang Zhao,7,4
Lianqing Liu,8,4
Dmitriy Rivkin,9,6
Francois Hogan,10,6
Amal Feriani,11,6
Abhisek Konar,12,6
Adam Sigal,13,6
Xue Liu,14,6
Gregory Dudek,15,6
Xingchi Chen,16,7
Xiaoyang Lu,17,8
Qing Li,18,7
Dazhou Li,19,9
Fa Zhu,20,10
Dongyuan Wu,21,11
Liming Nie,22,12
Rao Asad Mumtaz,23,13
Kadambri Agarwal,24,14
Alexander Tobias Neumann,25,15
Yue Yin,26,15
Sulayman Sowe,27,15
Stefan Decker,28,15
Matthias Jarke,29,15
Xinyu Zhang,30,16
Huiyu Xu,31,16
Zhongjie Ba,32,16
Zhibo Wang,33,16
Yuan Hong,34,17
Jian Liu,35,16
Zhan Qin,36,16
Kui Ren,37,16
Hao Zhou,38,18
Chengming Hu,39,18
Ye Yuan,40,18
Yufei Cui,41,18
Yili Jin,42,18
Can Chen,43,18
Haolun Wu,44,18
Dun Yuan,45,18
Li Jiang,46,18
Di Wu,47,19
Xue Liu,14,18
Charlie Zhang,48,20
Xianbin Wang,49,21
Jiangchuan Liu,50,22
Cheng Zhang,51,23
Minjun Yu,52,23
Li Yu,53,23
Pengyu Cong,54,23
Yan Yuchao,55,23
Bao Jie,56,23
Jiang Jian,57,23
Wang Xiaozheng,58,24
Ye Xiaolong,59,23
Tang Tao,60,24
Xiao Liang,61,24
Jiaying Lu,62,25
Bo Pan,63,25
Jieyi Chen,64,25
Yingchaojie Feng,65,25
Jingyuan Hu,66,25
Yuchen Peng,67,25
Wei Chen,68,25
Feng Huang,69,26
Xia Sun,70,26
Aizhu Mei,71,26
Yilin Wang,72,26
Huimin Ding,73,27
Tingshao Zhu,74,26
Zhengxing Lan,75,28
Lingshan Liu,76,28
Bo Fan,77,29
Yisheng Lv,78,30
Yilong Ren,79,31
Zhiyong Cui,80,31
Minsuk Kahng,81,32
Ian Tenney,82,32
Mahima Pushkarna,83,32
Michael Xieyang Liu,84,32
James Wexler,85,32
Emily Reif,86,32
Krystal Kallarackal,87,32
Minsuk Chang,88,32
Michael Terry,89,32
Lucas Dixon,90,32
Gavin Black,91,33
Varghese Vaidyan,92,33
Gurcan Comert,93,34
Qiang Liu,94,35
Junsheng Mu,95,36
Da Chen,96,35
Ronghui Zhang,97,36
Yijian Liu,98,35
Tao Hong,99,37
Yuzhe Zhang,100,38
Huan Liu,101,38
Yang Xiao,102,39
Mohammed Amoon,103,40
Dalin Zhang,104,41
Di Wang,105,42
Shusen Yang,106,38
Chai Quek,107,42
Bin Xiao,108,43
Burak Kantarci,109,43
Jiawen Kang,110,44
Dusit Niyato,111,45
Mohsen Guizani,112,46
Hongwei Cui,113,25
Yuyang Du,114,25
Qun Yang,115,25
Yulin Shao,116,25
Soung Chang Liew,117,25
Shang Liu,118,47
Wenji Fang,119,47
Yao Lu,120,47
Jing Wang,121,47
Qijun Zhang,122,47
Hongce Zhang,123,47
Zhiyao Xie,124,47
Wentian Cai,125,48
Yijiang Li,126,49
Yandan Chen,127,48
Jing Lin,128,48
Zihao Huang,129,48
Ping Gao,130,50
Thippa Reddy Gadekallu,131,51
Wei Wang,132,52
Ying Gao,133,48
Ya Li,134,53
Xuecong Zheng,135,53
Jiaping Li,136,54
Qingyun Dai,137,53
Chang-Dong Wang,138,55
Min Chen,139,56
Zhi Qiang Wang,140,57
Haopeng Wang,141,57
Abdulmotaleb El Saddik,142,57
Dipayan Saha,143,58
Shams Tarek,144,58
Katayoon Yahyaei,145,58
Sujan Kumar Saha,146,58
Jingbo Zhou,147,58
Mark Tehranipoor,148,58
Farimah Farahmandi,149,58
Yiheng Zhang,150,59
Yunkang Cao,151,59
Xiaohao Xu,152,60
Weiming Shen,153,59
Jaeyoung Kim,154,61
Sihyeon Lee,155,61
Hyeon Jeon,156,61
Keon-Joo Lee,157,62
Hee-Joon Bae,158,63
Bohyoung Kim,159,64
Jinwook Seo,160,61
Micaela Lucia Bangerter,161,25
Giuseppe Fenza,162,25
Domenico Furno,163,25
Mariacristina Gallo,164,25
Vincenzo Loia,165,25
Claudio Stanzione,166,25
Ilsun You,167,25
Huichen Will Wang,168,65
Jane Hoffswell,169,66
Sao Myat Thazin Thane,170,67
Victor S. Bursztyn,171,66
Cindy Xiong Bearfield,172,68
Ziao Liu,173,69
Xiao Xie,174,69
Moqi He,175,70
Wenshuo Zhao,176,70
Yihong Wu,177,70
Liqi Cheng,178,70
Hui Zhang,179,69
Yingcai Wu,180,70
Xin Yin,181,71
Chao Ni,182,71
Shaohua Wang,183,72
Fanfan Lin,184,73
Xinze Li,185,74
Weihao Lei,186,75
Juan J. Rodriguez-Andina,187,76
Josep M. Guerrero,188,77
Changyun Wen,189,78
Xin Zhang,190,75
Hao Ma,191,75
Ruichen Zhang,192,42
Hongyang Du,193,42
Yinqiu Liu,194,42
Dusit Niyato,111,42
Jiawen Kang,110,79
Sumei Sun,195,80
Xuemin Shen,196,81
H. Vincent Poor,197,82
Ruichen Zhang,192,83
Hongyang Du,193,84
Yinqiu Liu,194,83
Dusit Niyato,111,83
Jiawen Kang,110,79
Zehui Xiong,198,85
Abbas Jamalipour,199,86
Dong In Kim,200,87
Xile Wei,201,88
Hengyi Wei,202,88
Meili Lu,203,89
Zhen Zhang,204,88
Siyuan Chang,205,88
Shunqi Zeng,206,90
Fei Wang,207,90
Minghui Chen,208,90
Chong Bian,209,91
Xue Han,210,91
Zhiyu Duan,211,92
Chao Deng,212,91
Shunkun Yang,213,92
Junlan Feng,214,91
Minrui Xu,215,25
Dusit Niyato,111,25
Jiawen Kang,110,25
Zehui Xiong,198,25
Shiwen Mao,216,25
Zhu Han,217,25
Dong In Kim,200,25
Khaled B. Letaief,218,25
Jiahui Hu,219,25
Dan Wang,220,25
Zhibo Wang,33,25
Xiaoyi Pang,221,25
Huiyu Xu,31,25
Ju Ren,222,25
Kui Ren,37,25
Anan Jin,223,93
Yuhang Ye,224,94
Brian Lee,225,93
Yuansong Qiao,226,93
Dazhen Deng,227,95
Chuhan Zhang,228,95
Huawei Zheng,229,95
Yuwen Pu,230,95
Shouling Ji,231,95
Yingcai Wu,180,95
Mengyao Wu,232,96
F. Richard Yu,233,96
Peter Xiaoping Liu,234,96
Ying He,235,97
Bowen Jin,236,98
Gang Liu,237,99
Chi Han,238,98
Meng Jiang,239,99
Heng Ji,240,98
Jiawei Han,241,98
Sifan Long,242,100
Fengxiao Tang,243,100
Yangfan Li,244,100
Tiao Tan,245,100
Zhengjie Jin,246,100
Ming Zhao,247,100
Nei Kato,248,101
Kiroong Choe,249,61
Chaerin Lee,250,61
Soohyun Lee,251,61
Jiwon Song,252,61
Aeri Cho,253,61
Nam Wook Kim,254,102
Jinwook Seo,160,61
Feibo Jiang,255,25
Li Dong,256,25
Yubo Peng,257,25
Kezhi Wang,258,25
Kun Yang,259,25
Cunhua Pan,260,25
Xiaohu You,261,25
Seungjae Moon,262,103
Jung-Hoon Kim,263,104
Junsoo Kim,264,103
Seongmin Hong,265,103
Junseo Cha,266,103
Minsu Kim,267,104
Sukbin Lim,268,103
Gyubin Choi,269,103
Dongjin Seo,270,103
Jongho Kim,271,103
Hunjong Lee,272,103
Hyunjun Park,273,103
Ryeowook Ko,274,103
Soongyu Choi,275,103
Jongse Park,276,104
Jinwon Lee,277,103
Joo-Young Kim,278,103
Oscar G. Lira,279,25
Oscar M. Caicedo,280,25
Nelson L. S. da Fonseca,281,25
Li Zhou,282,105
Xinfeng Deng,283,105
Zhe Wang,284,105
Xiaoying Zhang,285,105
Yanjie Dong,286,106
Xiping Hu,287,106
Zhaolong Ning,288,107
Jibo Wei,289,105
Haoyi Xiong,290,108
Jiang Bian,291,108
Yuchen Li,292,108
Xuhong Li,293,108
Mengnan Du,294,109
Shuaiqiang Wang,295,108
Dawei Yin,296,108
Sumi Helal,297,110
Yudong Huang,298,111
Hongyang Du,193,42
Xinyuan Zhang,299,111
Dusit Niyato,111,42
Jiawen Kang,110,79
Zehui Xiong,198,112
Shuo Wang,300,111
Tao Huang,301,111
Zhehui Wang,302,113
Tao Luo,303,113
Cheng Liu,304,114
Weichen Liu,305,45
Rick Siow Mong Goh,306,113
Weng-Fai Wong,307,115
Raghvendra Kumar,308,116
Bhargav Goddu,309,116
Sriparna Saha,310,116
Adam Jatowt,311,117
Mengyi Fu,312,118
Pan Wang,313,118
Minyao Liu,314,118
Ze Zhang,315,118
Xiaokang Zhou,316,119
Soveatin Kuntur,317,120
Anna Wróblewska,318,120
Marcin Paprzycki,319,121
Maria Ganzha,320,120
Taslim Mahbub,321,122
Dana Dghaym,322,122
Aadhith Shankarnarayanan,323,122
Taufiq Syed,324,122
Salsabeel Shapsough,325,122
Imran Zualkernan,326,122
Yi Rong,327,123
Yingchi Mao,328,123
Huajun Cui,329,124
Xiaoming He,330,125
Mingkai Chen,331,126
Kehai Qiu,332,127
Stefanos Bakirtzis,333,127
Ian Wassell,334,127
Hui Song,335,128
Jie Zhang,336,128
Kezhi Wang,258,129
Alaa Selim,337,130
Junbo Zhao,338,130
Bo Yang,339,131
Wenhao Li,340,25
Jingtong Zhao,341,25
Liujinxiang Zhu,342,25
Li Zhang,343,25
Han Wang,344,25
Ali Maatouk,345,25
Nicola Piovesan,346,25
Fadhel Ayed,347,25
Antonio De Domenico,348,25
Merouane Debbah,349,25
Yuxuan Chen,350,132
Rongpeng Li,351,132
Zhifeng Zhao,352,132
Chenghui Peng,353,133
Jianjun Wu,354,133
Ekram Hossain,355,134
Honggang Zhang,356,132
Siddhant Bikram Shah,357,135
Surendrabikram Thapa,358,136
Ashish Acharya,359,137
Kritesh Rauniyar,360,135
Sweta Poudel,361,138
Sandesh Jain,362,136
Anum Masood,363,139
Usman Naseem,364,140
Feibo Jiang,255,25
Yubo Peng,257,25
Li Dong,256,25
Kezhi Wang,258,25
Kun Yang,259,25
Cunhua Pan,260,25
Dusit Niyato,111,25
Octavia A. Dobre,365,25
Harsh Patel,366,141
Dominique Boucher,367,142
Emad Fallahzadeh,368,141
Ahmed E. Hassan,369,141
Bram Adams,370,141
Sam Yu-Te Lee,371,143
Kwan-Liu Ma,372,143
Youfu Yan,373,144
Yu Hou,374,145
Yongkang Xiao,375,145
Rui Zhang,376,145
Qianwen Wang,377,144
Tianyu Tu,378,146
Zhili He,379,146
Zhigao Zheng,380,146
Zimu Zheng,381,147
Jiawei Jiang,382,146
Yili Gong,383,146
Chuang Hu,384,146
Dazhao Cheng,385,146
Sakina Fatima,386,148
Hadi Hemmati,387,149
Lionel Briand,388,148
Yaru Zhao,389,150
Yi Yue,390,150
Shoulu Hou,391,150
Bo Cheng,392,150
Yakun Huang,393,150
Hyeongwon Jang,394,151
June Yong Yang,395,152
Jaeryong Hwang,396,153
Eunho Yang,397,152
Chunggi Lee,398,154
Tica Lin,399,154
Hanspeter Pfister,400,154
Chen Zhu-Tian,401,155
Edyta Bogucka,402,156
Marios Constantinides,403,156
Sanja Šćepanović,404,156
Daniele Quercia,405,156
Chao He,406,157
Yuntao Wang,407,158
Juan Hu,408,159
Tom H. Luan,409,158
Yuanguo Bi,410,160
Zhou Su,411,158
Huichen Will Wang,168,65
Mitchell Gordon,412,65
Leilani Battle,413,65
Jeffrey Heer,414,65
Gavin S. Black,415,161
Bhaskar P. Rimal,416,162
Varghese Mathew Vaidyan,417,161
Jin Li,418,163
Yiyan Deng,419,163
Qi Sun,420,164
Junjie Zhu,421,163
Yu Tian,422,165
Jingsong Li,423,165
Tingting Zhu,424,166
Wenji Fang,119,167
Yao Lu,120,167
Shang Liu,118,167
Qijun Zhang,122,167
Ceyu Xu,425,168
Lisa Wu Wills,426,168
Hongce Zhang,123,167
Zhiyao Xie,124,167
Thi-Thu-Huong Le,427,169
Jaehyun Kim,428,170
Sangmyeong Lee,429,170
Howon Kim,430,170
Saeed S. Alahmari,431,171
Lawrence O. Hall,432,172
Peter R. Mouton,433,172
Dmitry B. Goldgof,434,172
Takashi Koide,435,173
Hiroki Nakano,436,173
Daiki Chiba,437,173
Alexander Bendeck,438,68
John Stasko,439,68
Liao Bingli,440,25
Danilo Vasconcellos Vargas,441,25
Lin Gao,442,174
Jing Lu,443,174
Zekai Shao,444,174
Ziyue Lin,445,174
Shengbin Yue,446,174
Chiokit Ieong,447,174
Yi Sun,448,174
Rory James Zauner,449,175
Zhongyu Wei,450,174
Siming Chen,451,174
Yusuf Mücahit Çetinkaya,452,176
Yeonjung Lee,453,177
Emre Külah,454,176
İsmail Hakkı Toroslu,455,176
Michael A. Cowan,456,178
Hasan Davulcu,457,177
Yunxin Li,458,179
Baotian Hu,459,179
Xinyu Chen,460,179
Lin Ma,461,180
Yong Xu,462,179
Min Zhang,463,179
Zhengqiu Zhu,464,181
Yong Zhao,465,181
Sihang Qiu,466,181
Kai Xu,467,181
Quanjun Yin,468,181
Jincai Huang,469,181
Zhong Liu,470,181
Fei-Yue Wang,471,182
Renyou Xie,472,183
Xin Yin,181,183
Chaojie Li,473,183
Guo Chen,474,183
Nian Liu,475,184
Bo Zhao,476,184
Zhaoyang Dong,477,185
Pengyu Xue,478,186
Linhao Wu,479,186
Zhongxing Yu,480,186
Zhi Jin,481,187
Zhen Yang,482,186
Xinyi Li,483,78
Zhenyu Yang,484,186
Yue Tan,485,186
Xiaomao Zhou,486,188
Yujiao Hu,487,188
Qingmin Jia,488,188
Renchao Xie,489,189
Xingchen Zeng,490,190
Haichuan Lin,491,190
Yilin Ye,492,190
Wei Zeng,493,190
Nicolas Gorlo,494,191
Lukas Schmid,495,191
Luca Carlone,496,191
Sam Yu-Te Lee,371,192
Aryaman Bahukhandi,497,192
Dongyu Liu,498,192
Kwan-Liu Ma,372,192
Taniya Seth,499,193
Pranab K. Muhuri,500,193
Dongyuan Wu,21,11
Liming Nie,22,12
Rao Asad Mumtaz,23,13
Kadambri Agarwal,24,14
Zhengxing Lan,75,28
Lingshan Liu,76,28
Bo Fan,77,29
Yisheng Lv,78,30
Yilong Ren,79,31
Zhiyong Cui,80,31
Fanfan Lin,184,73
Xinze Li,185,74
Weihao Lei,186,75
Juan J. Rodriguez-Andina,187,76
Josep M. Guerrero,188,77
Changyun Wen,189,78
Xin Zhang,190,75
Hao Ma,191,75
Yuzhe Zhang,100,38
Huan Liu,101,38
Yang Xiao,102,39
Mohammed Amoon,103,40
Dalin Zhang,104,41
Di Wang,105,42
Shusen Yang,106,38
Chai Quek,107,42
Feibo Jiang,255,25
Li Dong,256,25
Yubo Peng,257,25
Kezhi Wang,258,25
Kun Yang,259,25
Cunhua Pan,260,25
Xiaohu You,261,25
Xingchen Zeng,490,190
Haichuan Lin,491,190
Yilin Ye,492,190
Wei Zeng,493,190
Ziao Liu,173,69
Xiao Xie,174,69
Moqi He,175,70
Wenshuo Zhao,176,70
Yihong Wu,177,70
Liqi Cheng,178,70
Hui Zhang,179,69
Yingcai Wu,180,70
Alexander Bendeck,438,68
John Stasko,439,68
Yunxin Li,458,179
Baotian Hu,459,179
Xinyu Chen,460,179
Lin Ma,461,180
Yong Xu,462,179
Min Zhang,463,179
Yaru Zhao,389,150
Yi Yue,390,150
Shoulu Hou,391,150
Bo Cheng,392,150
Yakun Huang,393,150
Minrui Xu,215,25
Dusit Niyato,111,25
Jiawen Kang,110,25
Zehui Xiong,198,25
Shiwen Mao,216,25
Zhu Han,217,25
Dong In Kim,200,25
Khaled B. Letaief,218,25
Soveatin Kuntur,317,120
Anna Wróblewska,318,120
Marcin Paprzycki,319,121
Maria Ganzha,320,120
Tolga Şimşek,501,194
Çağlar Gülşeni,502,195
Gokcen Arkali Olcay,503,196
Jin Yu Zhang,504,197
Yuting Zhang,505,197
Tong Wu,506,150
Haipeng Yao,507,150
Tianle Mai,508,150
Zunliang Wang,509,150
Fu Wang,510,198
Mohsen Guizani,112,199
Nathan Beckmann,511,200
Brandon Lucia,512,200
Graham Gobieski,513,200
Tony Nowatzki,514,200
Thomas Jackson,515,200
Guénolé Lallement,516,201
Keyi Zhang,517,202
Amolak Nagi,518,202
Atharv Sathe,519,200
Harsh Desai,520,200
Zihan Jiang,521,203
Qi Chen,522,203
Zhihong Deng,523,204
He Zhang,524,204
Chunpei Li,525,205
Chen Liu,526,206
Peng Liu,527,205
Xianxian Li,528,205
Wangjie Qiu,529,207
Lei Lei,530,205
Yanli Jin,531,205
Qingyang Ding,532,208
Xiaofei Yue,533,209
Qinnan Zhang,534,210
Zehui Xiong,198,211
Jinping Chang,535,208
Hongwei Zheng,536,212
Zhuofan Liao,537,213
Siwei Cheng,538,214
Jingyu Zhang,539,215
Wenbing Wu,540,216
Jin Wang,541,217
Pradip Kumar Sharma,542,218
Qingyong Deng,543,219
Qinghua Zuo,544,219
Zhetao Li,545,220
Haolin Liu,546,221
Yong Xie,547,222
Yanji Duan,548,223
Edilson Filho,549,224
Matheus Ferreira,550,224
Gabriel Palitot,551,224
César Marcon,552,225
Laurent Vercouter,553,226
Jarbas Silveira,554,224
Mohammadreza Rasolroveicy,555,227
Marios Fokaefs,556,228
Haoxiang Luo,557,229
Qianqian Zhang,558,230
Gang Sun,559,229
Hongfang Yu,560,229
Dusit Niyato,111,231
Shyam Kumar Sinha,561,232
Debarka Mukhopadhyay,562,232
Zhe Pan,563,233
Xu Li,564,233
Shuibing He,565,233
Xuechen Zhang,566,234
Rui Wang,567,233
Yunjun Gao,568,233
Gang Chen,569,233
Xian-He Sun,570,235
Jingwei Liu,571,236
Yating Li,572,236
Mengjiao Zhao,573,236
Lei Liu,574,237
Neeraj Kumar,575,238
Siyun Xu,576,239
Miao Zhang,577,240
Tong Wang,578,240
Saroja S,579,241
Cong T. Nguyen,580,242
Yinqiu Liu,194,42
Hongyang Du,193,42
Dinh Thai Hoang,581,243
Dusit Niyato,111,42
Diep N. Nguyen,582,243
Shiwen Mao,216,244
Weikang Liu,583,150
Bin Cao,584,150
Mugen Peng,585,150
Bo Li,586,245
Qing Wang,587,246
Miaoyong Xu,588,246
Yufeng Yang,589,246
Zhonghui Ge,590,247
Chenke Wang,591,247
Yu Long,592,247
Dawu Gu,593,247
Abdullah Lakhan,594,248
Mazin Abed Mohammed,595,249
Dilovan Asaad Zebari,596,250
Karrar Hameed Abdulkareem,597,251
Muhammet Deveci,598,252
Haydar Abdulameer Marhoon,599,253
Jan Nedoma,600,249
Radek Martinek,601,254
Huawei Huang,602,255
Zhaokang Yin,603,255
Qinglin Yang,604,256
Taotao Li,605,255
Xiaofei Luo,606,255
Lu Zhou,607,257
Zibin Zheng,608,255
Yao Lu,120,258
Haiwen Wang,609,259
Shivani Wadhwa,610,260
Gagandeep,611,260
Shalli Rani,612,261
Jiawei Wu,613,262
Lei Yang,614,263
Yingjiu Li,615,264
Binanda Sengupta,616,265
Yangguang Tian,617,266
Jiaming Yuan,618,264
Tsz Hon Yuen,619,267
Hui Wang,620,268
Zhenyu Yang,484,268
Ming Li,621,269
Xiaowei Zhang,622,268
Yanlan Hu,623,268
Donghui Hu,624,268
Yuxiang Yang,625,270
Yuling Chen,626,271
Zhiquan Liu,627,272
Chaoyue Tan,628,270
Yun Luo,629,270
Yaozong Li,630,273
Xiong Luo,631,273
Wenbing Zhao,632,274
Honghao Gao,633,275
Somnath Bera,634,276
Tanushree Dey,635,276
Anwesha Mukherjee,636,277
Pronaya Bhattacharya,637,278
Debashis De,638,276
Ziqing Yu,639,279
Zheng Chang,640,279
Li Wang,641,280
Geyong Min,642,281
Tianyi Xu,643,282
Xinjie Yang,644,282
Xiaobo Zhou,645,282
Ziqi Gan,646,282
Lin Gan,647,283
Tie Qiu,648,282
Deyu Luo,649,284
Gang Sun,559,284
Hongfang Yu,560,284
Mohsen Guizani,112,285
Aditya Pribadi Kalapaaking,650,286
Ibrahim Khalil,651,286
Xun Yi,652,286
Kwok-Yan Lam,653,287
Guang-Bin Huang,654,288
Ning Wang,655,289
Jiajun Liu,656,290
Pingyu Jiang,657,291
Jie Zhang,336,290
Ru Huo,658,292
Xiangfeng Cheng,659,292
Chuang Sun,660,293
Tao Huang,301,294
Xinyu Zhang,30,16
Huiyu Xu,31,16
Zhongjie Ba,32,16
Zhibo Wang,33,16
Yuan Hong,34,17
Jian Liu,35,16
Zhan Qin,36,16
Kui Ren,37,16
Peng Huang,661,295
Yao Wei,662,295
Peng Cheng,663,295
Zhongjie Ba,32,295
Li Lu,664,295
Feng Lin,665,295
Yang Wang,666,295
Kui Ren,37,295
Gabriel Antonio F. Rebello,667,296
Gustavo F. Camilo,668,296
Lucas Airam C. de Souza,669,296
Maria Potop-Butucaru,670,297
Marcelo Dias de Amorim,671,297
Miguel Elias M. Campista,672,296
Luís Henrique M. K. Costa,673,296
Jinfeng Jing,674,298
Yaozong Yang,675,298
Xiaokang Zhou,316,299
Jiwei Huang,676,300
Lianyong Qi,677,301
Ying Chen,678,298
Ming Zhang,679,302
Wenhai Sun,680,303
Hui Li,681,302
Xiaofeng Wang,682,304
Zihao Yang,683,302
Chao Qu,684,302
Xiaoguang Li,685,302
Sahaya Beni Prathiba,686,305
Pranav Murali,687,306
Rajalakshmi Shenbaga Moorthy,688,307
Deepak Kumar Anandhan,689,308
Arikumar K. Selvaraj,690,309
Joel J. P. C. Rodrigues,691,310
Hayla Nahom Abishu,692,279
Guolin Sun,693,279
Yasin Habtamu Yacob,694,279
Gordon Owusu Boateng,695,284
Daniel Ayepah-Mensah,696,279
Guisong Liu,697,311
Yaman Y. Sokienah,698,312
Jianbo Du,699,313
Zuting Yu,700,313
Aijing Sun,701,313
Jing Jiang,702,313
Haitao Zhao,703,314
Ning Zhang,704,315
Celimuge Wu,705,316
F. Richard Yu,233,317
Mohammed Amin Almaiah,706,318
Aitizaz Ali,707,319
Tayseer Alkhdour,708,320
Abdalwali Lutfi,709,321
Kening Zhang,710,322
Carman K. M. Lee,711,323
Yung Po Tsang,712,323
Chen Gu,713,324
Baoshan Ma,714,324
Donghui Hu,624,324
Jiang Xiao,715,325
Jian Chang,716,325
Licheng Lin,717,325
Binhong Li,718,325
Xiaohai Dai,719,325
Zehui Xiong,198,326
Kim-Kwang Raymond Choo,720,327
Keke Gai,721,328
Hai Jin,722,325
Kun-chang Li,723,329
Peng-bo Wang,724,329
Run-hua Shi,725,329
Ying Chen,678,330
Feilong Lin,726,330
Zhongyu Chen,727,330
Changbing Tang,728,331
Cailian Chen,729,332
Zhao Zhang,730,279
Chunxiang Xu,731,279
Changsong Jiang,732,279
Yufeng Hu,733,333
Yingshi Sun,734,333
Yuan Chen,735,333
Zhuo Chen,736,333
Bowen He,737,333
Lei Wu,738,333
Yajin Zhou,739,333
Rui Chang,740,333
Qi Lin,741,334
Binbin Gu,742,334
Faisal Nawab,743,334
Jinghuan Xie,744,335
Jun Zhou,745,335
Zhenfu Cao,746,335
Xiaolei Dong,747,335
Kim-Kwang Raymond Choo,720,336
Pengfei Zhao,748,337
Shuangqi Li,749,338
Zhidong Cao,750,337
Paul Jen-Hwa Hu,751,339
Chenghong Gu,752,340
Xiaohe Yan,753,184
Da Huo,754,341
Tianyi Luo,755,337
Zikang Wang,756,337
Hu Xiong,757,342
Lingxiao Gong,758,342
Ruoxia Li,759,342
Saru Kumari,760,343
Chien-Ming Chen,761,344
Mohammed Amoon,103,40
Gyaneshwar Singh,762,345
Saurabh Rana,763,346
Dheerendra Mishra,764,347
Muhammad Khurram Khan,765,348
H. Ahmed Tahir,766,349
Walaa Alayed,767,350
Waqar Ul Hassan,768,351
Fahad Nabi,769,352
Truong X. Tran,770,353
Tingzhe Pan,771,354
Chao Li,772,355
Xin Jin,773,354
Wei Zhou,774,355
Jiale Liu,775,356
Xinlei Cai,776,355
Chen Chen,777,357
Lankai Wang,778,357
Quan Shi,779,357
Chenxiang Wei,780,358
Hui Lin,781,358
Youxiong Que,782,359
Xiaoding Wang,783,359
Fei Tong,784,360
Yuanhang Zhou,785,360
Kaiming Wang,786,360
Guang Cheng,787,360
Jianyu Niu,788,361
Shibo He,789,362
Liangxin Qian,790,363
Chang Liu,791,364
Jun Zhao,792,363
Charithri Yapa,793,365
Chamitha De Alwis,794,366
Uditha Wijewardhana,795,25
Madhusanka Liyanage,796,367
Janaka Ekanayake,797,368
Giuseppe Olivieri,798,369
Gaetano Volpe,799,369
Agostino Marcello Mangini,800,369
Maria Pia Fanti,801,369
Xinyi Luo,802,370
Kaiping Xue,803,370
Qibin Sun,804,370
Jun Lu,805,370
Laizhong Cui,806,97
Yinghao Li,807,97
Yipeng Zhou,808,371
Youyang Qu,809,372
Jiangchuan Liu,50,22
Qian Zhang,810,373
Shangping Wang,811,374
Duo Zhang,812,375
Brijmohan Lal Sahu,813,376
Preeti Chandrakar,814,376
Saru Kumari,760,343
Chien-Ming Chen,761,344
Mohammed Amoon,103,40
Junyuan Liang,815,255
Wuhui Chen,816,255
Zicong Hong,817,377
Haogang Zhu,818,378
Wangjie Qiu,529,256
Zibin Zheng,608,255
Qianyu Wang,819,379
Wei-Tek Tsai,820,380
Tianyu Shi,821,381
Algimantas Venčkauskas,822,382
Šarūnas Grigaliūnas,823,382
Linas Pocius,824,382
Rasa Brūzgienė,825,382
Andrejs Romanovs,826,383
Shiwen Zhang,827,384
Zhixue Li,828,384
Wei Liang,829,384
Kuan-Ching Li,830,385
Zakirul Alam Bhuiyan,831,386
Wen Wang,832,387
Guodong Zhang,833,388
Hao Hu,834,389
Shishu Ding,835,390
Sourav Saha,836,391
Ashok Kumar Das,837,391
Mohammad Wazid,838,392
YoungHo Park,839,393
Sahil Garg,840,394
Mubarak Alrashoud,841,395
Lisu Yu,842,396
Biao Li,843,396
Yuanzhi Yao,844,396
Zhen Wang,845,396
Zipeng Li,846,396
Zhicheng Dong,847,397
Donghong Cai,848,220
Ting Cai,849,398
Xiang Li,850,399
Yifei Wang,851,399
You Zhang,852,399
Zhiwei Ye,853,399
Qiyi He,854,399
Xiaoli Li,855,400
Yuquan Zhang,856,401
Patrick C. K. Hung,857,402
Yuhang Jin,858,403
Li Ling,859,403
Shubhani Aggarwal,860,404
Neeraj Kumar,575,405
Nazeeruddin Mohammad,861,406
Ahmed Barnawi,862,407
Hai Zhu,863,408
Xingsi Xue,864,409
Mengmeng Xu,865,408
Byung-Gyu Kim,866,410
Xiaohong Lyu,867,411
Shalli Rani,612,412
Lulwah M. Alkwai,868,413
Kusum Yadav,869,413
Majid H. Alsulami,870,414
Shumaiya Akter Shammi,871,415
Pronab Ghosh,872,416
Ananda Sutradhar,873,415
F M Javed Mehedi Shamrat,874,417
Mohammad Ali Moni,875,418
Thiago Eustaquio Alves de Oliveira,876,416
Sungjin Yu,877,419
Ashok Kumar Das,837,391
Youngho Park,878,420
Rongping Lin,879,421
Fan Wang,880,421
Shan Luo,881,422
Xiong Wang,882,421
Moshe Zukerman,883,423
Yao Xiao,884,328
Lei Xu,885,328
Yan Wu,886,328
Jiahang Sun,887,328
Liehuang Zhu,888,328
Deepal Tennakoon,889,424
Vincent Gramoli,890,424
Jian An,891,425
Siyu Tang,892,426
Xiangyan Sun,893,426
Xiaolin Gui,894,425
Xin He,895,427
Feifei Wang,896,428
Enze Yu,897,429
Yuwei Xu,898,429
Lin Gao,442,429
Jie Cao,899,429
Qiao Xiang,900,430
Liang He,901,431
Jingying Liang,902,432
Jing Chen,903,433
Rui Zhu,904,432
Chen Miao,905,432
Kaixian Lu,906,433
Liyang Jiao,907,433
Jingjing Wang,908,434
Zihan Jiao,909,434
Jianrui Chen,910,434
Xiangwang Hou,911,435
Tingting Yang,912,436
Dapeng Lan,913,437
Yanhan Yang,914,438
Mingzhe Liu,915,438
Qin Zhou,916,438
Helen Zhou,917,439
Ruili Wang,918,440
Biwen Chen,919,441
Honghong Zeng,920,441
Tao Xiang,921,442
Shangwei Guo,922,443
Tianwei Zhang,923,444
Yang Liu,924,445
Karan Gupta,925,446
Koyel Datta Gupta,926,447
Devender Kumar,927,446
Gautam Srivastava,928,448
Deepak Kumar Sharma,929,449
Sunil Prajapat,930,450
Pankaj Kumar,931,450
Dheeraj Kumar,932,451
Ashok Kumar Das,837,391
M. Shamim Hossain,933,452
Joel J. P. C. Rodrigues,691,453
Yiping Zuo,934,454
Linqing Gui,935,454
Kaiyan Cui,936,454
Jiajia Guo,937,455
Fu Xiao,938,454
Shi Jin,939,455
Yang Xu,940,456
Jianbo Shao,941,457
Jia Liu,942,458
Yulong Shen,943,456
Tarik Taleb,944,459
Norio Shiratori,945,460
Chenhao Xu,946,461
Jiaqi Ge,947,462
Yao Deng,948,463
Longxiang Gao,949,464
Mengshi Zhang,950,465
Yong Li,951,466
Wanlei Zhou,952,467
Xi Zheng,953,463
Xu Wenjing,954,468
Wang Wei,955,468
Li Zuguang,956,468
Wu Qihui,957,468
Wang Xianbin,958,469
Xidi Qu,959,470
Shengling Wang,960,470
Kun Li,961,471
Jianhui Huang,962,472
Xiuzhen Cheng,963,473
Meiqi Li,964,474
Kaiping Xue,803,474
Xinyi Luo,802,474
Wentuo Sun,965,474
David S.L. Wei,966,475
Qibin Sun,804,474
Jun Lu,805,474
Mande Xie,967,476
Qiang Fu,968,476
Haibo Hong,969,476
Zichu Ren,970,476
Zhen Zhang,204,476
Jing Kuai,971,476
Ze Yang,972,477
Qin Shi,973,477
Teng Cheng,974,477
Qiang Zhang,975,477
Qiang Liu,94,477
Yangyang Liu,976,478
Shenghao Peng,977,479
Siva Sai,978,480
Vinay Chamola,979,480
Xiaohong Zhang,980,481
Xingxing Chen,981,481
Shuling Liu,982,482
Shaojiang Zhong,983,483
Weihao Zhu,984,484
Long Shi,985,484
Jun Li,986,484
Bin Cao,584,150
Kang Wei,987,485
Zhe Wang,284,486
Tao Huang,301,487
Wu Deng,988,488
Xinyan Li,989,489
Junjie Xu,990,489
Weihan Li,991,490
Guangtian Zhu,992,491
Huimin Zhao,993,488
Shaoquan Jiang,994,492
Dima Alhadidi,995,492
Hamid Fazli Khojir,996,492
Hai Zhu,863,408
Xingsi Xue,864,493
Mengmeng Xu,865,408
Byung-Gyu Kim,866,410
Julia Khamis,997,494
Arad Kotzer,998,494
Ori Rottenstreich,999,494
Yingjie Xia,1000,495
Siyu Zhu,1001,496
Xuejiao Liu,1002,497
Qiang Zhong,1003,497
Ming Hui Wen,1004,498
Jerry Chun-Wei Lin,1005,499
Yunhua He,1006,500
Zhihao Zhou,1007,500
Bin Wu,1008,501
Ke Xiao,1009,500
Chao Wang,1010,500
Xiuzhen Cheng,963,502
Dongxiao Zhao,1011,503
Dawei Zhang,1012,11
Qingqi Pei,1013,503
Lei Liu,574,504
Peixin Yue,1014,505
Zhuoqun Xia,1015,506
Jiahuan Man,1016,506
Ke Gu,1017,506
Xiong Li,1018,507
Longfei Huang,1019,506
Weizhi Meng,1020,508
Wenjuan Li,1021,509
Andrei Nicolae Calugar,1022,510
Syed Muhammad Danish,1023,511
Aroosa Hameed,1024,511
Ali Ranjha,1025,511
Gautam Srivastava,928,512
Kaiwen Zhang,1026,513
Lin Chen,1027,514
Yuxiang Chen,1028,515
Wei Liang,829,514
Xiong Li,1018,516
Kuan-Ching Li,830,517
Jin Wang,541,514
Naixue Xiong,1029,514
Lei Tian,1030,518
Feilong Lin,726,518
Jiahao Gan,1031,518
Riheng Jia,1032,518
Zhonglong Zheng,1033,518
Minglu Li,1034,518
Baochao Chen,1035,519
Xiulong Liu,1036,519
Hao Xu,1037,519
Sheng Chen,1038,519
Keqiu Li,1039,519
Vikram Kanth,1040,520
Britta Hale,1041,521
Seyedeh Mehrafarin Ezzati,1042,522
Roghayyeh Alizadeh,1043,522
Mohammad Reza Akbari Jokar,1044,522
Tu-Anh Nguyen-Hoang,1045,523
Ngoc Cu Hoang,1046,523
Phu Thien Hua,1047,523
Mong-Thy Nguyen Thi,1048,523
Thu-Thuy Ta,1049,523
Thu Nguyen,1050,523
Khoa Tan-Vo,1051,523
Ngoc-Thanh Dinh,1052,524
Hong-Tri Nguyen,1053,525
Peng Li,5,526
Haobin Ma,1054,527
Junzuo Lai,1055,528
Dehua Zhou,1056,528
Lianguan Huang,1057,528
Yuan Li,1058,528
Ruijia Zang,1059,528
Junbin Fang,1060,529
Shaopeng Guan,1061,530
Youliang Cao,1062,530
Yuan Zhang,1063,531
Yangyang Long,1064,270
Changgen Peng,1065,532
Yuling Chen,626,533
Weijie Tan,1066,533
Jing Sun,1067,270
Xinyi Luo,802,474
Kaiping Xue,803,474
Zhuo Xu,1068,474
Mingrui Ai,1069,474
Jianan Hong,1070,247
Xianchao Zhang,1071,534
Qibin Sun,804,474
Jun Lu,805,474
Muhammad Baqer Mollah,1072,535
Md Abul Kalam Azad,1073,535
Yinghui Zhang,1074,536
Md. Mainul Islam,1075,537
Hoh Peter IN,1076,538
Lu Xin,1077,539
Wu Zhijun,1078,540
Yue Meng,1079,540
Jiayu Wu,1080,541
Yang Liu,924,541
Qiming Yang,1081,541
Wenfeng Li,1082,542
Lemei Da,1083,543
Wei Hu,1084,543
Yujue Wang,1085,544
Yong Ding,1086,545
Beibei Li,1087,543
Dan Zhu,1088,543
Yujing Gong,1089,546
Bin-Jie Hu,1090,546
Prakash Tekchandani,1091,391
Abhishek Bisht,1092,391
Ashok Kumar Das,837,391
Neeraj Kumar,575,547
Marimuthu Karuppiah,1093,548
Pandi Vijayakumar,1094,549
Youngho Park,878,393
Chen Wang,1095,550
Daosen Zhai,1096,550
Ruonan Zhang,1097,550
Huan Li,1098,550
Fei Richard Yu,1099,551
Liping Tao,1100,324
Yang Lu,1101,324
Yuqi Fan,1102,324
Lei Shi,1103,324
Chee Wei Tan,1104,83
Zhen Wei,1105,324
Rihab Saidi,1106,552
Ines Rahmany,1107,552
Salah Dhahri,1108,552
Tarek Moulahi,1109,553
Shaojie Qiao,1110,554
Yuhe Jiang,1111,554
Nan Han,1112,554
Wei Hua,1113,555
Yufeng Lin,1114,554
Shengjie Min,1115,555
Xindong Wu,1116,556
Yubo Zhuang,1117,557
Yourong Chen,1118,558
Xudong Zhang,1119,558
Tiaojuan Ren,1120,558
Meng Han,1121,559
Muhammad Alam,1122,560
Zhen Hong,1123,557
Pushpita Chatterjee,1124,561
Debashis Das,1125,561
Danda B Rawat,1126,562
Uttam Ghosh,1127,561
Sourav Banerjee,1128,563
Mohammed S. Al-Numay,1129,564
Hyeran Mun,1130,565
Kyusuk Han,1131,566
Hyun Ku Yeun,1132,567
Ernesto Damiani,1133,565
Deepak Puthal,1134,568
Tae-Yeon Kim,1135,569
Chan Yeob Yeun,1136,565
Sushil Kumar Singh,1137,570
Manish Kumar,1138,570
Ashish Khanna,1139,571
Bal Virdee,1140,572
Ning Yang,1141,573
Hao Jiang,1142,574
Daoxing Guo,1143,573
Yuan Liu,1144,573
Guoru Ding,1145,573
Zhen Chen,1146,546
Zhaohui Yang,1147,575
Jing Yang,1148,30
Qinghua Ni,1149,576
Song Zhang,1150,30
Nan Zheng,1151,30
Juanjuan Li,1152,30
Lili Fan,1153,577
Radu Prodan,1154,578
Levente Kovacs,1155,579
Fei-Yue Wang,471,580
Dongsun Kim,1156,581
Sinwoong Yun,1157,581
Sungho Lee,1158,582
Jemin Lee,1159,582
Tony Q.S. Quek,1160,211
Haoling Li,1161,583
Jie Song,1162,583
Mengqi Xue,1163,584
Haofei Zhang,1164,585
Mingli Song,1165,586
Zhipeng Hu,1166,587
Gaoshi Li,1167,587
Xinlong Luo,1168,587
Wei Peng,1169,588
Jiafei Liu,1170,587
Xiaoshu Zhu,1171,587
Jingli Wu,1172,587
Liang Chen,1173,589
Bineng Zhong,1174,589
Qihua Liang,1175,589
Yaozong Zheng,1176,589
Zhiyi Mo,1177,590
Shuxiang Song,1178,589
Xiantao Hu,1179,591
Bineng Zhong,1174,591
Qihua Liang,1175,591
Shengping Zhang,1180,592
Ning Li,1181,591
Xianxian Li,528,591
Guangtong Zhang,1182,593
Bineng Zhong,1174,593
Qihua Liang,1175,593
Zhiyi Mo,1177,593
Ning Li,1181,593
Shuxiang Song,1178,593
Zixuan Yu,1183,593
Lv Chen,1184,593
Xiaoping Liang,1185,593
Xianquan Zhang,1186,593
Zhenjun Tang,1187,593
Jiahui Hu,219,71
Jiacheng Du,1188,71
Zhibo Wang,33,71
Xiaoyi Pang,221,71
Yajie Zhou,1189,71
Peng Sun,1190,594
Kui Ren,37,71
Ziming Liu,1191,595
Bonan Huang,1192,595
Xuguang Hu,1193,595
Pengbo Du,1194,595
Qiuye Sun,1195,595
Yinqiu Liu,194,83
Hongyang Du,193,83
Dusit Niyato,111,83
Jiawen Kang,110,79
Zehui Xiong,198,85
Abbas Jamalipour,199,596
Xuemin Shen,196,81
Ahmed Didouh,1196,597
Anthony Bahadir Lopez,1197,598
Houda Labiod,1198,599
Yassin El Hillali,1199,600
Atika Rivenq,1200,601
Mohammad Abdullah Al Faruque,1201,602
Manabhanjan Pradhan,1202,603
Sujata Mohanty,1203,603
Lo-Yao Yeh,1204,604
Chia-Hsien Hung,1205,605
Po-Ting Tsai,1206,605
Jiun-Long Huang,1207,605
M. Kumari Kala,1208,606
M. Priya,1209,606
Fengqi Li,1210,607
Jiaheng Wang,1211,607
Weilin Xie,1212,608
Ning Tong,1213,607
Deguang Wang,1214,607
Altaf Hussain,1215,25
Wajahat Akbar,1216,609
Tariq Hussain,1217,610
Ali Kashif Bashir,1218,611
Maryam M. Al Dabel,1219,612
Farman Ali,1220,613
Bailin Yang,1221,610
Howon Lee,1222,614
Yoonyoung Park,1223,614
Sungchul Lee,1224,614
Yoonjae Chae,1225,614
Die Wang,1226,615
Yunjian Jia,1227,615
Liang Liang,1228,615
Kaoru Ota,1229,616
Mianxiong Dong,1230,616
Guorong Chen,1231,617
Chao Li,772,617
Wei Wang,132,617
Li Duan,1232,617
Bin Wang,1233,618
Zhen Han,1234,617
Xiangliang Zhang,1235,619
Huadong Su,1236,620
Shi Dong,1237,621
Ting Zhang,1238,621
Jaideep Kaur Mudhar,1239,622
Jyoteesh Malhotra,1240,623
Shalli Rani,612,261
Tao Liu,1241,624
Qingyuan Liu,1242,625
Ting Chen,1243,626
Lu Wei,1244,627
Yongjuan Zhang,1245,627
Jie Cui,1246,627
Hong Zhong,1247,627
Irina Bolodurina,1248,628
Debiao He,1249,629
Yuting Zuo,1250,630
Li Xu,1251,630
Jiguo Li,1252,630
Jie Li,1253,631
Xiaoding Wang,783,630
Md. Jalil Piran,1254,632
Fushuai Li,1255,633
Ruiquan Lin,1256,633
Wencheng Chen,1257,633
Jun Wang,1258,633
Feng Shu,1259,634
Riqing Chen,1260,635
Haiyang Zhang,1261,636
Xiaojun Zhang,1262,636
Yuan Zhang,1063,279
Xin Wang,1263,636
Qing Liu,1264,636
Jingjuan Yu,1265,637
Yuwei Duan,1266,637
Ping Luo,1267,526
Shundong Li,1268,637
Shuming Xiong,1269,638
Pengchao Chen,1270,638
Shusheng Ge,1271,639
Qiang Ni,1272,640
Jiming Ma,1273,641
Yu Wu,1274,642
Yifeng Zhu,1275,643
Anfeng Liu,1276,643
Neal N Xiong,1277,644
Hangcheng Dong,1278,643
Shaobo Zhang,1279,645
Chien-Ming Chen,761,344
Yiru Hao,1280,646
Saru Kumari,760,647
Mohammed Amoon,103,40
Yusen Wu,1281,648
Ye Hu,1282,648
Mingzhe Chen,1283,648
Yelena Yesha,1284,648
Mérouane Debbah,1285,649
Leiming Chen,1286,650
Dehai Zhao,1287,651
Liping Tao,1100,652
Kai Wang,1288,42
Sibo Qiao,1289,653
Xingjie Zeng,1290,654
Chee Wei Tan,1104,42
Tao Guo,1291,655
Fengjun Shang,1292,655
Xiangguang Dai,1293,656
Qilie Liu,1294,657
Lun Xu,1295,658
Yun Li,1296,659
Ru Jia,1297,659
Beibei Wang,1298,658
Chi Xu,1299,660
Peifeng Zhang,1300,660
Xiaofang Xia,1301,661
Linghe Kong,1302,662
Peng Zeng,1303,660
Haibin Yu,1304,660
Suyel Namasudra,1305,663
Sangjukta Das,1306,664
Ruben Gonzalez Crespo,1307,665
David Taniar,1308,666
Nageswara Rao Moparthi,1309,667
Zexu Wang,1310,668
Jiachi Chen,1311,668
Peilin Zheng,1312,668
Yu Zhang,1313,669
Weizhe Zhang,1314,669
Zibin Zheng,608,668
Hao Xu,1037,25
Yunqing Sun,1315,25
Xiaoshuai Zhang,1316,25
Erwu Liu,1317,25
Chih-Lin I,1318,25
Malka N. Halgamuge,1319,670
Daniel Morales,1320,25
Isaac Agudo,1321,25
Javier Lopez,1322,25
Chaocan Xue,1323,671
Bineng Zhong,1174,671
Qihua Liang,1175,671
Haiying Xia,1324,671
Shuxiang Song,1178,671
Hao Yan,1325,672
Feng Lin,665,672
Jin Li,418,672
Meng Zhang,1326,672
Zhisheng Yan,1327,673
Jian Xiao,1328,674
Kui Ren,37,672
Shunyu Liu,1329,675
Jie Song,1162,676
Yihe Zhou,1330,675
Na Yu,1331,675
Kaixuan Chen,1332,675
Zunlei Feng,1333,676
Mingli Song,1165,675
Ning Li,1181,671
Bineng Zhong,1174,671
Yaozong Zheng,1176,671
Qihua Liang,1175,671
Zhiyi Mo,1177,590
Shuxiang Song,1178,671
Shuo Wang,300,328
Keke Gai,721,328
Jing Yu,1334,677
Liehuang Zhu,888,328
Hanghang Wu,1335,678
Changzheng Wei,1336,678
Ying Yan,1337,678
Hui Zhang,179,678
Kim-Kwang Raymond Choo,720,679
Lu Dong,1338,680
Pinle Ding,1339,680
Xin Yuan,1340,288
Andi Xu,1341,680
Jie Gui,1342,680
Huimin Zhang,1343,219
Li Huang,1344,219
Wanling Huang,1345,219
Lei Feng,1346,681
Xianxian Li,528,219
Lingxiao Tang,1347,71
Chao Ni,182,71
Qiao Huang,1348,682
Lingfeng Bao,1349,71
Guangyu Zhu,1350,683
Xidong Mu,1351,684
Li Guo,1352,683
Ao Huang,1353,683
Shibiao Xu,1354,683
Sai Wu,1355,685
Meng Shi,1356,685
Dongxiang Zhang,1357,685
Junbo Zhao,338,685
Gongsheng Yuan,1358,686
Gang Chen,569,685
Yuxiang Wang,1359,687
Yuxiang Zeng,1360,687
Shuyuan Li,1361,687
Yuanyuan Zhang,1362,688
Zimu Zhou,1363,688
Yongxin Tong,1364,687
Tao Hai,1365,689
Zakirul Alam Bhuiyan,831,689
Mohamed Rahouti,1366,690
Jincheng Zhou,1367,691
Jian Shen,1368,692
Weihan Li,991,693
Jianwei Guo,1369,694
Khoa Tan-Vo,1051,523
Khanh Pham,1370,523
Phu Huynh,1371,523
Mong-Thy Nguyen Thi,1048,523
Thu-Thuy Ta,1049,523
Thu Nguyen,1050,523
Tu-Anh Nguyen-Hoang,1045,523
Ngoc-Thanh Dinh,1052,524
Hong-Tri Nguyen,1053,525
Yuntao Wang,407,25
Qinnan Hu,1372,25
Zhendong Li,1373,25
Zhou Su,411,25
Ruidong Li,1374,25
Xiang Zou,1375,25
Jian Zhou,1376,25
Zhiwei Wang,1377,695
Yongkang Gong,1378,696
Haipeng Yao,507,36
Zehui Xiong,198,85
C. L. Philip Chen,1379,56
Dusit Niyato,111,83
Lingyi Cai,1380,25
Qiwei Hu,1381,25
Tao Jiang,1382,25
Dusit Niyato,111,25
Bo Yin,1383,697
Rongyao Rong,1384,697
Xiaoli Xiao,1385,697
Jiexiao Yu,1386,698
Zhibiao Guo,1387,698
Liying Yu,1388,699
Ting Yang,1389,698
Chenhao Ying,1390,700
Fuyuan Xia,1391,700
David S. L. Wei,1392,701
Xinchun Yu,1393,700
Yibin Xu,1394,702
Weiting Zhang,1395,703
Xikun Jiang,1396,704
Haiming Jin,1397,700
Yuan Luo,1398,700
Tao Zhang,1399,705
Dacheng Tao,1400,706
Ahmed Hamed,1401,707
Mohamed Torky,1402,708
Salem AlJanah,1403,709
Abdulaziz Alshammari,1404,709
Tarek Gaber,1405,710
Xiaofeng Chen,1406,434
Ying Gao,133,434
Huanghao Deng,1407,434
Raushan Myrzashova,1408,711
Saeed Hamood Alsamhi,1409,712
Ammar Hawbani,1410,713
Edward Curry,1411,712
Mohsen Guizani,112,714
Xi Wei,1412,715
Avi Mizrahi,1413,716
Noam Koren,1414,716
Ori Rottenstreich,999,716
Yuval Cassuto,1415,716
Keke Huang,1416,717
Huidan Hu,1417,718
Changlu Lin,1418,718
Gang Xu,1419,719
De-lun Kong,1420,719
Kejia Zhang,1421,720
Shiyuan Xu,1422,721
Yibo Cao,1423,722
Yanhui Mao,1424,723
Jianyong Duan,1425,719
Jiawen Kang,110,724
Xiu-Bo Chen,1426,722
DeokKyu Kwon,1427,420
Seunghwan Son,1428,420
Kisung Park,1429,725
Ashok Kumar Das,837,726
Youngho Park,878,420
Xiya Fu,1430,727
Ling Xiong,1431,727
Fagen Li,1432,728
Xingchun Yang,1433,729
Naixue Xiong,1029,730
Jinhua Chen,1434,731
Chinmay Chakraborty,1435,732
Osama Alfarraj,1436,733
Amr Tolba,1437,733
Qiaozhi Hua,1438,734
Keping Yu,1439,731
Zequan Zhou,1440,735
Xiling Luo,1441,735
Jian Mao,1442,434
Ting He,1443,735
Xiaohai Ji,1444,735
Junjun Wang,1445,735
Jiewu Leng,1446,736
Jiwei Guo,1447,737
Dewen Wang,1448,737
Yuanwei Zhong,1449,737
Kailin Xu,1450,737
Sihan Huang,1451,738
Jiajun Liu,656,739
Chunyang Yu,1452,740
Zhipeng Ye,1453,741
Qiang Liu,94,737
Wei Peng,1169,742
Xiang Li,850,742
Jianyu Niu,788,742
Xiaokuan Zhang,1454,743
Yinqian Zhang,1455,742
Andrea Peña-Calvin,1456,744
Jorge Saldivar,1457,745
Javier Arroyo,1458,746
Samer Hassan,1459,746
Yang Zhou,1460,747
Yang Ge,1461,748
Li Jia,1462,747
Sadaf Bukhari,1463,209
Kashif Sharif,1464,209
Liehuang Zhu,888,328
Chang Xu,1465,328
Fan Li,1466,209
Sujit Biswas,1467,749
Pengcheng Xia,1468,484
Jun Li,986,484
Long Shi,985,484
Bin Cao,584,150
Wuzheng Tan,1469,272
Jian Weng,1470,272
Yang Liu,924,750
Zhu Han,217,751
Duc-Minh Ngo,1471,752
Dominic Lightbody,1472,752
Andriy Temko,1473,752
Colin C. Murphy,1474,752
Emanuel Popovici,1475,752
Alexis Pengfei Zhao,1476,30
Shuangqi Li,749,753
Yanjia Wang,1477,754
Paul Jen-Hwa Hu,751,339
Chenye Wu,1478,755
Zhidong Cao,750,30
Faith Xue Fei,1479,755
Qinnan Zhang,534,210
Tianqi Zong,1480,756
Zehui Xiong,198,756
Pangbo Sun,1481,757
Jianming Zhu,1482,758
Wangjie Qiu,529,210
Zhiming Zheng,1483,210
H. Vincent Poor,197,82
Jingwei Liu,571,759
Yufeng Wu,1484,759
Wei Du,1485,759
Rong Sun,1486,760
Guangxia Xu,1487,761
Lei Liu,574,504
Celimuge Wu,705,762
Minquan Cheng,1488,763
Yun Xie,1489,763
Zhenhao Huang,1490,764
Mingming Zhang,1491,763
Youlong Wu,1492,764
Xin Yin,181,71
Chao Ni,182,71
Shaohua Wang,183,72
Wajahat Ali,1493,765
Ikram Ud Din,1494,765
Ahmad Almogren,1495,766
Joel J. P. C. Rodrigues,691,767
Anik Islam,1496,768
Hadis Karimipour,1497,768
Thippa Reddy Gadekallu,131,51
Yaodong Zhu,1498,769
Jinxin Zuo,1499,770
Ziping Wang,1500,770
Chenqing Guo,1501,770
Weixuan Xie,1502,770
Hao Wu,1503,771
Peng Yu,1504,772
Yueming Lu,1505,770
Harun Jamil,1506,25
Yang Jian,1507,25
Faisal Jamil,1508,25
Shabir Ahmad,1509,25
Kamran Ahmad Awan,1510,765
Ikram Ud Din,1494,765
Ahmad Almogren,1495,766
Joel J. P. C. Rodrigues,691,453
Jamal H. Mosakheil,1511,773
Kan Yang,1512,773
Meng Li,1513,774
Mingwei Zhang,1514,774
Liehuang Zhu,888,328
Zijian Zhang,1515,328
Mauro Conti,1516,775
Mamoun Alazab,1517,776
Minze Xu,1518,777
Yuan Zhang,1063,777
Sheng Zhong,1519,777
Yijie Shi,1520,778
Kai Fan,1521,778
Yuhan Bai,1522,778
Chonglin Zhang,1523,778
Kan Yang,1512,779
Hui Li,681,778
Yintang Yang,1524,780
Amritesh Kumar,1525,781
Lokendra Vishwakarma,1526,782
Debasis Das,1527,782
Mingming Cui,1528,783
Dezhi Han,1529,783
Han Liu,1530,784
Kuan-Ching Li,830,385
Mingdong Tang,1531,785
Chin-Chen Chang,1532,786
Ferheen Ayaz,1533,787
Zhengguo Sheng,1534,787
Yong Liang Guan,1535,788
Junke Duan,1536,150
Wei Wang,132,150
Licheng Wang,1537,789
Lize Gu,1538,150
Yunshu Liu,1539,790
Yunzhi Zhao,1540,791
Anh-Tu Hoang,1541,792
Barbara Carminati,1542,793
Elena Ferrari,1543,793
H. Sami,1544,794
A. Hammoud,1545,794
M. Arafeh,1546,794
M. Wazzeh,1547,794
S. Arisdakessian,1548,794
M. Chahoud,1549,794
O. Wehbi,1550,794
M. Ajaj,1551,794
A. Mourad,1552,794
H. Otrok,1553,795
O. Abdel Wahab,1554,796
R. Mizouni,1555,795
J. Bentahar,1556,797
C. Talhi,1557,798
Z. Dziong,1558,799
E. Damiani,1559,795
M. Guizani,1560,800
Hongzhou Chen,1561,801
Wei Cai,1562,801
Heyi Zhang,1563,247
Jun Wu,1564,802
Qianqian Pan,1565,803
Ali Kashif Bashir,1218,804
Marwan Omar,1566,805
Xinzhe Zhang,1567,806
Lei Wu,738,806
Zhien Liu,1568,806
Hao Wang,1569,806
Lijuan Xu,1570,807
Songnian Zhang,1571,39
Rongxing Lu,1572,808
Mustafa Doger,1573,809
Sennur Ulukus,1574,809
Haihan Duan,1575,810
Abdulmotaleb El Saddik,142,811
Wei Cai,1562,812
Song Deng,1576,813
Jie Zhang,336,814
Longxiang Zhang,1577,814
Miao Yu,1578,624
Hao Zhang,1579,624
Jun Ma,1580,815
Xiaoxia Duan,1581,816
Shuling Kang,1582,624
Jiaqi Li,1583,817
Tong Niu,1584,818
Yaqiu Liu,1585,818
Qingfeng Li,1586,819
Qichi Bao,1587,818
Wenxian Jiang,1588,820
Zhenglei Guan,1589,820
Vlasis Koutsos,1590,821
Sankarshan Damle,1591,822
Dimitrios Papadopoulos,1592,821
Dimitris Chatzopoulos,1593,823
Sujit Gujar,1594,822
Ningbin Yang,1595,824
Chunming Tang,1596,824
Tianqi Zong,1480,211
Zhikang Zeng,1597,824
Zehui Xiong,198,211
Debiao He,1249,629
Xinyan Li,989,489
Huimin Zhao,993,488
Junjie Xu,990,489
Guangtian Zhu,992,491
Wu Deng,988,488
Yichen Wang,1598,825
Xiangfu Zhao,1599,825
Long He,1600,825
Zixian Zhen,1601,825
Haiyue Chen,1602,825
Muhammad Rizwan,1603,826
Mudassir Ali,1604,827
Ammar Hawbani,1410,828
Wang Xingfu,1605,826
Adeel Anjum,1606,827
Pelin Angin,1607,829
Olaoluwa Popoola,1608,830
Muhammad Ali Imran,1609,830
Wei Chen,68,150
Ru Huo,658,831
Chuang Sun,660,832
Shuo Wang,300,150
Tao Huang,301,150
Mohammad Farhoudi,1610,833
Masoud Shokrnezhad,1611,833
Tarik Taleb,944,834
Richard Li,1612,835
JaeSeung Song,1613,836
Zhihao Hao,1614,837
Guancheng Wang,1615,837
Bob Zhang,1616,837
Zhuowen Feng,1617,838
Haisheng Li,1618,839
Fahui Chong,1619,840
Yan Pan,1620,840
Wei Li,1621,840
Yekaterina Podiatchev,1622,841
Ariel Orda,1623,841
Ori Rottenstreich,999,841
Anan Jin,223,93
Yuhang Ye,224,94
Brian Lee,225,93
Yuansong Qiao,226,93
Xiaoyu Jiang,1624,842
Yubin Cheng,1625,843
Zhihuan Song,1626,842
Xiaoguang Ma,1627,844
Lingjian Ye,1628,845
Zhiqiang Ge,1629,846
Bixin Li,1630,847
Zhenyu Pan,1631,847
Tianyuan Hu,1632,847
Mingshun Luo,1633,500
Yunhua He,1006,500
Tingli Yuan,1634,500
Bin Wu,1008,501
Yongdong Wu,1635,272
Ke Xiao,1009,500
Xuyang Liu,1636,848
Kaiyu Feng,1637,848
Zijian Zhang,1515,849
Meng Li,1513,850
Xi Chen,1638,848
Wenqian Lai,1639,848
Liehuang Zhu,888,848
Shuo Shao,1640,685
Wenyuan Yang,1641,851
Hanlin Gu,1642,852
Zhan Qin,36,685
Lixin Fan,1643,852
Qiang Yang,1644,853
Xiaoqian Jiang,1645,680
Jing Zhang,1646,680
Ming Wu,1647,854
Victor S. Sheng,1648,855
Li Hu,1649,856
Hongyang Yan,1650,856
Yun Peng,1651,856
Haibo Hu,1652,857
Shaowei Wang,1653,856
Jin Li,418,856
Dianshu Liao,1654,858
Shidong Pan,1655,651
Xiaoyu Sun,1656,858
Xiaoxue Ren,1657,859
Qing Huang,1658,860
Zhenchang Xing,1659,651
Huan Jin,1660,861
Qinying Li,1661,861
Jilin Hu,1662,862
Fanlang Zeng,1663,862
Yongwang Zhao,1664,862
Zhuoruo Zhang,1665,862
Leping Zhang,1666,863
Jianhong Zhao,1667,862
Rui Chang,740,862
Kui Ren,37,862
Huijuan Zhu,1668,639
Lei Yang,614,639
Liangmin Wang,1669,680
Victor S. Sheng,1648,855
Anupa De Silva,1670,864
Subhasis Thakur,1671,864
John Breslin,1672,864
Yepeng Ding,1673,25
Junwei Yu,1674,25
Shaowen Li,1675,25
Hiroyuki Sato,1676,25
Maro G. Machizawa,1677,25
Rujia Li,1678,865
Qin Wang,1679,866
Yuanzhao Li,1680,867
Sisi Duan,1681,865
Qi Wang,1682,867
David Galindo,1683,868
Wenxian Jiang,1588,820
Zhenping Guo,1684,820
Lennart Almstedt,1685,869
Francesco Betti Sorbelli,1686,870
Bas Boom,1687,871
Rosalba Calvini,1688,872
Elena Costi,1689,872
Alexandru Dinca,1690,873
Veronica Ferrari,1691,872
Daniele Giannetti,1692,872
Loretta Ichim,1693,873
Amin Kargar,1694,874
Catalin Lazar,1695,873
Lara Maistrello,1696,872
Alfredo Navarra,1697,870
David Niederprüm,1698,869
Peter Offermans,1699,871
Brendan O'Flynn,1700,874
Lorenzo Palazzetti,1701,870
Niccolò Patelli,1702,872
Cristina M. Pinotti,1703,870
Dan Popescu,1704,873
Aravind K. Rangarajan,1705,871
Liviu Serghei,1706,873
Alessandro Ulrici,1707,872
Lars Wolf,1708,869
Dimitrios Zorbas,1709,875
Leonard Zurek,1710,869
Xiaopeng Dai,1711,434
Qianhong Wu,1712,434
Bingyu Li,1713,434
Bo Qin,1714,876
Jialiang Fan,1715,434
Fuyang Deng,1716,434
Mingzhe Zhai,1717,434
Katarina Kostelić,1718,877
Darko Etinger,1719,878
Jiana Liao,1720,879
Jinbo Wen,1721,880
Jiawen Kang,110,881
Changyan Yi,1722,880
Yang Zhang,1723,880
Yutao Jiao,1724,882
Dusit Niyato,111,231
Dong In Kim,200,87
Shengli Xie,1725,883
Amina Brahem,1726,884
Tiphaine Henry,1727,885
Sami Bhiri,1728,886
Thomas Devogele,1729,884
Nizar Messai,1730,884
Yacine Sam,1731,884
Walid Gaaloul,1732,887
Fei Song,1733,25
Letian Li,1734,25
Yikun,1735,25
Li,1736,25
Yuyin Ma,1737,25
Lizxqjaang Wang,1738,25
Hongke Zhang,1739,25
Zahra Pooranian,1740,888
Mohammad Shojafar,1741,889
Rahim Taheri,1742,890
Rahim Tafazolli,1743,889
Saraswathi Vedachalam,1744,891
Dayana Raj,1745,891
Wei Liu,1746,892
Feng Zhao,1747,892
Lewis Nkenyereye,1748,893
Shalli Rani,612,261
Keqin Li,1749,894
Jianhui Lv,1750,895
Zhipeng Wang,1751,896
Nanqing Dong,1752,897
Jiahao Sun,1753,898
William Knottenbelt,1754,896
Yike Guo,1755,899
Jinghan Sun,1756,900
Abdulmotaleb El Saddik,142,285
Wei Cai,1562,900
Wenhan Hou,1757,901
Bo Cui,1758,901
Yongxin Chen,1759,901
Ru Li,1760,901
Wanshui Song,1761,902
Jahoon Koo,1762,903
Giluk Kang,1763,904
Young-Gab Kim,1764,904
Kun Yan,1765,25
Wenping Ma,1766,25
Shaohui Sun,1767,25
Wei Cheng,1768,905
Jianmei Zeng,1769,905
Mohammad Shabaz,1770,906
Mohammad Zia Ur Rahman,1771,907
Mahmood Alsaadi,1772,908
Mohan Raparthi,1773,909
Renato R. Maaliw,1774,910
Ismail Keshta,1775,911
Mukesh Soni,1776,912
Jagdish Chandra Patni,1777,913
Haewon Byeon,1778,914
Haochen Yang,1779,915
Yong Yu,1780,915
Yixing Zhu,1781,915
Xiaoling Tao,1782,916
Jiguo Yu,1783,917
Qing Wang,587,88
Guanyang Fu,1784,88
Peng Chen,1785,88
Zhiqiang Wu,1786,918
Ziwei Wang,1787,210
Shasha Yu,1788,426
Yanan Qiao,1789,426
Junge Bo,1790,426
Fan Yang,1791,426
Shan Wang,1792,426
Huanyu Wu,1793,919
Chentao Yue,1794,920
Lei Zhang,1795,919
Yonghui Li,1796,920
Muhammad Ali Imran,1609,919
Guanjie Cheng,1797,496
Junqin Huang,1798,921
Yewei Wang,1799,921
Jun Zhao,792,42
Linghe Kong,1302,921
Shuiguang Deng,1800,496
Xueqiang Yan,1801,922
Ankush Manocha,1802,923
Sandeep Kumar Sood,1803,923
Munish Bhatia,1804,923
Kangkang Sun,1805,924
Jun Wu,1564,924
Ali Kashif Bashir,1218,804
Jianhua Li,1806,924
Hansong Xu,1807,924
Qianqian Pan,1565,925
Yasser D. Al-Otaibi,1808,926
Anik Islam,1496,927
Hadis Karimipour,1497,927
Abraham O. Fapojuwo,1809,927
Daojing He,1810,25
Juzheng Zhang,1811,25
Hongyi Li,1812,25
Sammy Chan,1813,25
Mohsen Guizani,112,25
Rui Gao,1814,928
Zhiguo Wan,1815,929
Huaqun Wang,1816,928
Shaoteng Luo,1817,930
Jingting Xue,1818,931
Shuqin Luo,1819,931
Fagen Li,1432,279
Wenzheng Zhang,1820,932
Liang Liu,1821,931
Yu Zhou,1822,932
Xiaojun Zhang,1262,931
Yang Xu,940,456
Shanshan Zhang,1823,456
Chen Lyu,1824,933
Jia Liu,942,458
Tarik Taleb,944,459
Shiratori Norio,1825,460
Haopeng Wang,141,934
Roberto Martinez-Velazquez,1826,934
Haiwei Dong,1827,935
Abdulmotaleb El Saddik,142,934
Sijiang Xie,1828,474
Rui Shi,1829,936
Yang Yang,1830,937
Huiqin Xie,1831,938
Yingjiu Li,615,939
Robert H. Deng,1832,937
Zhihan Lyu,1833,940
Mikael Fridenfalk,1834,940
Qisheng Huang,1835,941
Yunshu Liu,1539,942
Lutong Wang,1836,943
Peng Sun,1190,594
Junling Li,1837,944
Jin Xu,1838,945
Shijing Yuan,1839,662
Qingshi Zhou,1840,662
Jie Li,1253,662
Song Guo,1841,946
Hongyang Chen,1842,929
Chentao Wu,1843,662
Yang Yang,1830,947
Guowei Fang,1844,948
Yi Sun,448,949
Mutiq Almutiq,1845,950
Wei Zhou,774,948
Yekang Zhao,1846,948
Yongjun Ren,1847,948
Jingjing Yang,1848,55
Wenjia Yu,1849,55
Jiajing Wu,1850,951
Dan Lin,1851,951
Zhiying Wu,1852,55
Zibin Zheng,608,951
Abed Alanazi,1853,952
Abdullah Alqahtani,1854,952
Shtwai Alsubai,1855,952
Munish Bhatia,1804,953
Yihuai Liang,1856,954
Yan Li,1857,954
Byeong-Seok Shin,1858,954
Jiale Zhang,1859,955
Hao Sui,1860,955
Xiaobing Sun,1861,955
Chunpeng Ge,1862,956
Lu Zhou,607,957
Willy Susilo,1863,958
Nitinkumar Shingari,1864,959
Beenu Mago,1865,960
Pengcheng Zhang,1866,961
Ben Wang,1867,961
Xiapu Luo,1868,962
Hai Dong,1869,963
Guhan Zheng,1870,964
Qiang Ni,1272,964
Yang Lu,1101,964
Sinka Gao,1871,965
Guoqiang Li,1872,921
Hongfei Fu,1873,921
Sarhang Jamal Ibrahim,1874,966
Hakem Beitollahi,1875,966
Wenjuan Lian,1876,967
Zikang Bao,1877,967
Xinze Zhang,1878,967
Bin Jia,1879,967
Yang Zhang,1723,967
Yingying Chen,1880,847
Bixin Li,1630,847
Yan Xiao,1881,968
Xiaoning Du,1882,969
Jinguo Li,1883,970
Yun Ni,1884,970
Jin Zhang,1885,697
Jie Yu,1886,970
Yin He,1887,970
Yintong Wang,1888,971
Guowei Fang,1844,972
Shitao Huang,1889,972
Zhuotao Lian,1890,973
Yongjun Ren,1847,972
Xuanxia Yao,1891,273
Jinyuan Zhou,1892,273
Xiaojiang Du,1893,974
Shurong Zhang,1894,273
Yasi Zhu,1895,915
Yanwei Zhou,1896,915
Jing Wang,121,915
Bo Yang,339,915
Mingwu Zhang,1897,975
Medhasree Ghosh,1898,976
Raju Halder,1899,976
Joydeep Chandra,1900,976
Xuefeng Liu,1901,25
Zhe Feng,1902,25
Le Wang,1903,25
Wenhai Sun,680,25
Qingqi Pei,1013,25
Xiaodong Lin,1904,25
Huizhong Li,1905,25
Abdelkader Ilyes Ameur,1906,977
Omar Sami Oubbati,1907,978
Abderrahmane Lakas,1908,979
Abderrezak Rachedi,1909,978
Mohamed Bachir Yagoubi,1910,977
Carsten Lund Pedersen,1911,980
Rasmus Koss Hartmann,1912,981
Yingzhe Hou,1913,629
Yue Cao,1914,629
Hu Xiong,757,982
Zhili Sun,1915,983
Shahid Mumtaz,1916,984
Daxin Tian,1917,985
Shike Li,1918,329
Jianbin Li,1919,329
Yin Liang,1920,329
Hengyang Zhang,1921,329
Sixing Wu,1922,329
Shen Wang,1923,986
Long Cheng,1924,329
Cristian Gómez-Macías,1925,987
Juan Manuel Vara,1926,987
Fco Javier Pérez-Blanco,1927,987
David Granada,1928,987
Wenze Xiong,1929,988
Yetong Wang,1930,988
Wanxin Li,1931,988
Yutong Zhang,1932,988
Jie Zhang,336,988
Hao Guo,1933,989
Emanuel Vieira,1934,990
Joào Almeida,1935,991
Joaquim Ferreira,1936,992
Paulo C. Bartolomeu,1937,990
Muhammad Asghar Khan,1938,993
Neeraj Kumar,575,994
Saeed Hamood Alsamhi,1409,995
Gordana Barb,1939,996
Justyna Zywiołek,1940,997
Insaf Ullah,1941,998
Fazal Noor,1942,999
Jawad Ali Shah,1943,1000
Abdullah M. Almuhaideb,1944,1001
Daojing He,1810,1002
Zhihua Liu,1945,1003
Xin Lv,1946,1003
Sammy Chan,1813,185
Mohsen Guizani,112,1004
Zhihong Deng,523,824
Chunming Tang,1596,1005
Taotao Li,605,1006
Debiao He,1249,629
Xiaohai Dai,719,1007
Wei Li,1621,1008
Guanxiong Wang,1947,1007
Jiang Xiao,715,1007
Haoyang Chen,1948,1007
Shufei Li,1949,1007
Albert Y. Zomaya,1950,1008
Hai Jin,722,1007
Zhuoxue Song,1951,559
Ziming Zhao,1952,559
Fan Zhang,1953,559
Gang Xiong,1954,677
Guang Cheng,787,680
Xinjie Zhao,1955,559
Shize Guo,1956,559
Binbin Chen,1957,1009
Ziming Zhao,1952,559
Zhaoxuan Li,1958,1010
Jialun Jiang,1959,559
Fengyuan Yu,1960,559
Fan Zhang,1953,559
Congyuan Xu,1961,1011
Xinjie Zhao,1955,559
Rui Zhang,376,1010
Shize Guo,1956,559
Yuan Rao,1962,1012
Jiangqun Ni,1963,55
Weizhe Zhang,1314,1013
Jiwu Huang,1964,1014
Wenxuan Tu,1965,1015
Bin Xiao,108,1016
Xinwang Liu,1966,1015
Sihang Zhou,1967,1017
Zhiping Cai,1968,1015
Jieren Cheng,1969,1018
Zhen Wang,845,929
Yang Zhang,1723,929
Yan Pang,1970,1019
Nannan Wang,1971,1020
Mohamed Jaward Bah,1972,929
Ke Li,1973,1021
Ji Zhang,1974,1022
Ruoli Zhao,1975,1023
Yong Xie,547,1023
Debiao He,1249,1024
Kim-Kwang Raymond Choo,720,1025
Zoe L. Jiang,1976,1026
Dilbag Singh,1977,1027
Ahmad Ali AlZubi,1978,40
Manjit Kaur,1979,1028
Vijay Kumar,1980,1029
Heung-No Lee,1981,1030
Qi Chen,522,1020
Minquan Cheng,1488,1031
Baoming Bai,1982,1032
Yingzhe Hou,1913,629
Yue Cao,1914,629
Hu Xiong,757,982
Jiawen Kang,110,1033
Chuan Heng Foh,1983,1034
Changyu Dong,1984,1035
Jing Zhang,1646,680
Ming Wu,1647,854
Zeyi Sun,1985,1036
Cangqi Zhou,1986,486
Dilbag Singh,1977,1027
Ahmad Ali Alzubi,1987,40
Manjit Kaur,1979,1037
Vijay Kumar,1980,1038
Heung-No Lee,1981,1030
Shiguo Wang,1988,1039
Jingjing Wang,908,1039
Rukhsana Ruby,1989,1040
Yongjian Zhang,1990,1041
Qingyong Deng,543,1042
Zijie Pan,1991,1043
Zuobin Ying,1992,1043
Yajie Wang,1993,328
Chuan Zhang,1994,328
Chunhai Li,1995,1044
Liehuang Zhu,888,328
Zhiqing Tang,1996,1045
Fangyi Mou,1997,1045
Jiong Lou,1998,662
Weijia Jia,1999,1045
Yuan Wu,2000,1046
Wei Zhao,2001,1047
Thi-Thu-Huong Le,427,1048
Hwang Yeonjeong,2002,170
Hyoeun Kang,2003,1049
Howon Kim,430,170
Shi Ji,2004,1050
Tianlu Xi,2005,1051
Xingchen Fan,2006,1052
Jiaxing Tang,2007,1053
Haoyuan Yu,2008,593
Zhichen Lai,2009,1054
Dalin Zhang,104,1054
Huan Li,1098,685
Christian S. Jensen,2010,1054
Hua Lu,2011,1055
Yan Zhao,2012,1054
Feng Liu,2013,1056
Zhihan Li,2014,1057
Kun Jia,2015,1057
Panwei Xiang,2016,1058
Aimin Zhou,2017,1059
Jiayin Qi,2018,1060
Zhibin Li,2019,1059
Guangsheng Yu,2020,1061
Xu Wang,2021,1062
Caijun Sun,2022,929
Qin Wang,1679,1061
Ping Yu,2023,150
Wei Ni,2024,1061
Ren Ping Liu,2025,1062
Qianwei Meng,2026,1063
Qingjun Yuan,2027,1064
Weina Niu,2028,1065
Yongjuan Wang,2029,1063
Siqi Lu,2030,1063
Guangsong Li,2031,1063
Xiangbin Wang,2032,1063
Wenqi He,2033,1063
Majid H. Khoshafa,2034,1066
Omar Maraqa,2035,1066
Jules M. Moualeu,2036,1067
Sylvester Aboagye,2037,1068
Telex M. N. Ngatched,2038,1066
Mohamed H. Ahmed,2039,43
Yasser Gadallah,2040,1069
Marco Di Renzo,2041,1070
Jiaze Shang,2042,1071
Tianbo Lu,2043,1071
Pengfei Zhao,748,1071
Yuanzhe Geng,2044,1072
Erwu Liu,1317,1072
Wei Ni,2024,1073
Rui Wang,567,1074
Yan Liu,2045,1072
Hao Xu,1037,1072
Chen Cai,2046,1075
Abbas Jamalipour,199,1076
Hualong Cao,2047,1077
Yongcai Wang,2048,1077
Deying Li,2049,1077
Pengcheng Sun,2050,1072
Erwu Liu,1317,1072
Wei Ni,2024,1078
Rui Wang,567,1072
Zhe Xing,2051,1072
Bofeng Li,2052,1079
Abbas Jamalipour,199,1076
Ying Gao,133,434
Yue Ge,2053,434
Jianting Ning,2054,1080
Jie Ma,2055,434
Xiaofeng Chen,1406,434
Gavina Baralla,2056,1081
Giacomo Ibba,2057,1081
Roberto Tonelli,2058,1081
Dan Lin,1851,951
Jiajing Wu,1850,951
Qishuang Fu,2059,55
Zibin Zheng,608,951
Ting Chen,1243,1065
Sitong Ling,2060,1082
Zhuotao Liu,2061,1083
Qi Li,2062,1083
Xinle Du,2063,1084
Jing Chen,903,1082
Ke Xu,2064,1082
Pengliang Qiao,2065,1085
Liangrong Zhao,2066,1086
Jérémie Decouchant,2067,1087
Joseph Liu,2068,1086
Qinghua Lu,2069,1088
Jiangshan Yu,2070,1086
Sina Aeeneh,2071,1089
Nikola Zlatanov,2072,1090
Jiangshan Yu,2070,1091
Amirmohammad Pasdar,2073,1092
Nickolaos Koroniotis,2074,1092
Marwa Keshk,2075,1092
Nour Moustafa,2076,1092
Zahir Tari,2077,1093
Abeer Awadallah,2078,1094
Khouloud Eledlebi,2079,25
Jamal Zemerly,2080,1094
Deepak Puthal,1134,568
Ernesto Damiani,1133,1094
Kamal Taha,2081,1094
Tae-Yeon Kim,1135,1095
Paul D. Yoo,2082,1096
Kim-Kwang Raymond Choo,720,1097
Man-Sung Yim,2083,1098
Chan Yeob Yeun,1136,1094
Kota Yamada,2084,1099
Takanori Hara,2085,1099
Shoji Kasahara,2086,1099
Mengge Li,2087,915
Miao Ma,2088,915
Liang Wang,2089,915
Bo Yang,339,915
Quy Vu Khanh,2090,1100
Abdellah Chehri,2091,1101
Anh Dang Van,2092,1100
Quy Nguyen Minh,2093,1100
Hao Lin,2094,1102
Jinze Du,2095,1102
Subhranshu Sekhar Tripathy,2096,1103
Manisha Guduri,2097,1104
Chinmay Chakraborty,1435,1105
Sujit Bebortta,2098,1106
Subhendu Kumar Pani,2099,1107
Sabyasachi Mukhopadhyay,2100,1108
Yanwei Gong,2101,1109
Xiaolin Chang,2102,1109
Jelena Mišić,2103,1110
Vojislav B. Mišić,2104,1110
Yingying Yao,2105,1109
Xiao Chen,2106,1111
Tiejun Ma,2107,1112
Btissam Er-Rahmadi,2108,1113
Jane Hillston,2109,1112
Guanxu Yuan,2110,1114
Weichao Luo,2111,1115
Keke Huang,1416,1115
Xiaojun Liang,2112,1115
Hao Ren,2113,1115
Nan Zhou,2114,1115
Chaobo Zhang,2115,1115
Chunhua Yang,2116,1115
Weihua Gui,2117,1115
